URL,Version,Status,OIDs,Name,Title,Description,Used
http://hl7.no/fhir/ig/okt/CodeSystem/OktOrderDetailsCs,0.1.0,draft,,OktOrderDetailsCodeSystem,Indikatorer for tjenesten,"Indikatorer med øvrige detaljer om tjenesten.",
http://hl7.no/fhir/ig/okt/CodeSystem/OktServiceLevelCs,0.1.0,draft,,OktServiceLevelCodeSystem,Tjenestenivå,"Tjenestenivå for pleie- og omsorgstjenester.",
http://hl7.no/fhir/ig/okt/CodeSystem/OktStayTypeCs,0.1.0,draft,,OktStayTypeCodeSystem,Oppholdstype,"Oppholdstype for pleie- og omsorgstjenester.",
urn:oid:2.16.578.1.12.4.1.1.9151,0.1.0,draft,"2.16.578.1.12.4.1.1.9151",IplosCodeSystem,Individbasert pleie- og omsorgsstatistikk (IPLOS),"Individbasert pleie- og omsorgsstatistikk (IPLOS) er et nasjonalt register som inneholder opplysninger om personer som mottar pleie- og omsorgstjenester fra kommunen. Registeret skal gi grunnlag for styring, planlegging, finansiering og kvalitetsforbedring av pleie- og omsorgstjenestene.",
