{
  "resourceType" : "CodeSystem",
  "id" : "OktStayTypeCs",
  "text" : {
    "status" : "generated",
    "div" : "<div xmlns=\"http://www.w3.org/1999/xhtml\"><p class=\"res-header-id\"><b>Generated Narrative: CodeSystem OktStayTypeCs</b></p><a name=\"OktStayTypeCs\"> </a><a name=\"hcOktStayTypeCs\"> </a><p>This case-insensitive code system <code>http://hl7.no/fhir/ig/okt/CodeSystem/OktStayTypeCs</code> defines the following code:</p><table class=\"codes\"><tr><td style=\"white-space:nowrap\"><b>Code</b></td><td><b>Display</b></td><td><b>Definition</b></td></tr><tr><td style=\"white-space:nowrap\">dagopphold<a name=\"OktStayTypeCs-dagopphold\"> </a></td><td>Dagopphold</td><td>Dagopphold i institusjon</td></tr></table></div>"
  },
  "url" : "http://hl7.no/fhir/ig/okt/CodeSystem/OktStayTypeCs",
  "version" : "0.1.0",
  "name" : "OktStayTypeCodeSystem",
  "title" : "Oppholdstype",
  "status" : "draft",
  "experimental" : true,
  "date" : "2025-11-12T13:47:08+00:00",
  "publisher" : "HL7 Norway",
  "contact" : [{
    "name" : "HL7 Norway",
    "telecom" : [{
      "system" : "url",
      "value" : "http://hl7.no/"
    }]
  }],
  "description" : "Oppholdstype for pleie- og omsorgstjenester.",
  "caseSensitive" : false,
  "content" : "complete",
  "count" : 1,
  "concept" : [{
    "code" : "dagopphold",
    "display" : "Dagopphold",
    "definition" : "Dagopphold i institusjon"
  }]
}